{
    "ma_hoa_don": "HD20260111105847",
    "ngay_tao": "2026-01-11 10:58:47",
    "khach_hang": {
        "ho_ten": "Nguyễn Văn An",
        "email": "20231448@gmail.com",
        "so_dien_thoai": "0389257126"
    },
    "hang_hoa": [
        {
            "ten_hang": "Sách giáo khoa",
            "so_luong": 500,
            "don_gia": 60000,
            "thanh_tien": 30000000
        }
    ],
    "tam_tinh": 30000000,
    "giam_gia_percent": 5,
    "tien_giam": 1500000,
    "vat_percent": 1,
    "tien_vat": 285000,
    "tong_thanh_toan": 28785000,
    "phuong_thuc_tt": "Tiền mặt"
}