{
    "ma_hoa_don": "HD20260111104159",
    "ngay_tao": "2026-01-11 10:41:59",
    "khach_hang": {
        "ho_ten": "Nguyễn Phương Thảo",
        "email": "nguyenthao7102005@gmail.com",
        "so_dien_thoai": "0867303205"
    },
    "hang_hoa": [
        {
            "ten_hang": "Laptop",
            "so_luong": 170,
            "don_gia": 100000000,
            "thanh_tien": 17000000000
        }
    ],
    "tam_tinh": 17000000000,
    "giam_gia_percent": 10,
    "tien_giam": 1700000000,
    "vat_percent": 5,
    "tien_vat": 765000000,
    "tong_thanh_toan": 16065000000,
    "phuong_thuc_tt": "Tiền mặt"
}