[
    {
        "ma_phieu": "PH1768124139117",
        "ma_tv": "nguyenthao7102005@gmail.com",
        "ma_sach": "NPT001",
        "ngay_muon": "2026-01-11",
        "han_tra": "2026-01-21",
        "trang_thai": "Đã trả",
        "ngay_tra": "2026-01-11"
    },
    {
        "ma_phieu": "PH1768125375287",
        "ma_tv": "20231448@gmail.com",
        "ma_sach": "sách 01",
        "ngay_muon": "2026-01-11",
        "han_tra": "2026-01-14",
        "trang_thai": "Đã trả",
        "ngay_tra": "2026-01-11"
    }
]